{"cameraMode":{"drawMode":0,"name":"Shaded","section":"Shading Mode"},"sceneLighting":true,"audioPlay":false,"sceneViewState":{"showFog":true,"showMaterialUpdate":false,"showSkybox":true,"showFlares":true,"showImageEffects":true,"showParticleSystems":true},"in2DMode":false,"pivot":{"x":-6.355517387390137,"y":-47.27994155883789,"z":75.11589050292969},"rotation":{"x":0.35940131545066836,"y":-0.08107762783765793,"z":0.03085510991513729,"w":0.9292556047439575},"size":150.58285522460938,"orthographic":false}