{"cameraMode":{"drawMode":0,"name":"Shaded","section":"Shading Mode"},"sceneLighting":false,"audioPlay":false,"sceneViewState":{"showFog":true,"showMaterialUpdate":false,"showSkybox":false,"showFlares":true,"showImageEffects":true,"showParticleSystems":true},"in2DMode":false,"pivot":{"x":-30.908485412597658,"y":193.21157836914063,"z":2.229991912841797},"rotation":{"x":0.1286768764257431,"y":-0.6768710613250732,"z":0.12191072851419449,"w":0.7144428491592407},"size":81.12410736083985,"orthographic":false}