{"cameraMode":{"drawMode":0,"name":"Shaded","section":"Shading Mode"},"sceneLighting":false,"audioPlay":false,"sceneViewState":{"showFog":true,"showMaterialUpdate":false,"showSkybox":false,"showFlares":true,"showImageEffects":true,"showParticleSystems":true},"in2DMode":false,"pivot":{"x":-0.009654641151428223,"y":0.8751810193061829,"z":0.08452494442462921},"rotation":{"x":-0.0014358079060912133,"y":-0.9985360503196716,"z":0.04196323826909065,"w":-0.0341673269867897},"size":0.32064610719680788,"orthographic":false}