{"cameraMode":{"drawMode":0,"name":"Shaded","section":"Shading Mode"},"sceneLighting":true,"audioPlay":false,"sceneViewState":{"showFog":true,"showMaterialUpdate":false,"showSkybox":true,"showFlares":true,"showImageEffects":true,"showParticleSystems":true},"in2DMode":false,"pivot":{"x":-41.873538970947269,"y":51.245208740234378,"z":-24.340435028076173},"rotation":{"x":0.31002357602119448,"y":-0.3885464072227478,"z":0.14069776237010957,"w":0.8562389016151428},"size":1.714249849319458,"orthographic":false}